{"sidebar-page":{"archives-2":{"title":"","count":0,"dropdown":0},"categories-2":{"title":"Categories","count":1,"hierarchical":1,"dropdown":0}},"sidebar-posts":{"categories-3":{"title":"Categories","count":0,"hierarchical":0,"dropdown":0},"archives-3":{"title":"Archives","count":0,"dropdown":0},"recent-posts-4":{"title":"Recent posts","number":5,"show_date":true},"recent-comments-2":{"title":"Recent comments","number":5}},"sidebar-search":{"pages-2":{"title":"Pages","sortby":"post_title","exclude":""}},"sidebar-shop":{"woocommerce_product_categories-2":{"title":"Product Categories","orderby":"name","dropdown":0,"count":0,"hierarchical":"1","show_children_only":0},"woocommerce_price_filter-2":{"title":"Filter by price"},"woocommerce_layered_nav_filters-2":{"title":"Active Filters"},"woocommerce_layered_nav-2":{"title":"Filter by color","display_type":"list","query_type":"or","attribute":"color"},"woocommerce_layered_nav-3":{"title":"Filter by size","attribute":"size","display_type":"list","query_type":"or"}},"sidebar-product":{"woocommerce_top_rated_products-2":{"title":"Top Rated Products","number":"5"},"woocommerce_recently_viewed_products-2":{"title":"Recently Viewed Products","number":"10"}},"sidebar-footer-first":{"gg_contact_widget-2":{"title":"About .voux","address_directions":"43.2238916,-76.2575936","address":"32 Oatland Rood\r\nSAN JOSE CS 92926 4601\r\nNew York, US","phone":"T:  +1-354-895-4592","fax":"F:  +1-745-442-2708","email":"office@email.com","extra_details":"Aenean eu leo quam. Pellentesque ornare sem lacinia quam venenatis vestibulum. Maecenas faucibus mollis interdum. Integer posuere erat a ante venenatis."}},"sidebar-footer-second":{"recent-posts-3":{"title":"Latest news","number":3,"show_date":true}},"sidebar-footer-third":{"gg_twitter_widget-2":{"title":"Recent tweets","username":"envato","posts":"2"}}}